filename,label
00010368.png,n01532829
00010212.png,n01532829
00010689.png,n01532829
00010442.png,n01532829
00010477.png,n01532829
00021350.png,n01558993
00021546.png,n01558993
00021119.png,n01558993
00021587.png,n01558993
00021020.png,n01558993
00009089.png,n01704323
00009176.png,n01704323
00009566.png,n01704323
00009040.png,n01704323
00009505.png,n01704323
00015309.png,n01749939
00015190.png,n01749939
00015241.png,n01749939
00015086.png,n01749939
00015481.png,n01749939
00028140.png,n01770081
00027652.png,n01770081
00027695.png,n01770081
00028155.png,n01770081
00028038.png,n01770081
00014118.png,n01843383
00013858.png,n01843383
00013955.png,n01843383
00014138.png,n01843383
00013927.png,n01843383
00011985.png,n01910747
00011969.png,n01910747
00011420.png,n01910747
00011767.png,n01910747
00011846.png,n01910747
00004800.png,n02074367
00004800.png,n02074367
00004800.png,n02074367
00004800.png,n02074367
00004800.png,n02074367
00002952.png,n02089867
00002601.png,n02089867
00002530.png,n02089867
00002501.png,n02089867
00002662.png,n02089867
00037309.png,n02091831
00037321.png,n02091831
00037646.png,n02091831
00037550.png,n02091831
00037485.png,n02091831
00017919.png,n02101006
00017867.png,n02101006
00017918.png,n02101006
00017747.png,n02101006
00017940.png,n02101006
00017020.png,n02105505
00017111.png,n02105505
00017133.png,n02105505
00017311.png,n02105505
00017194.png,n02105505
00008272.png,n02108089
00008287.png,n02108089
00007856.png,n02108089
00008303.png,n02108089
00008034.png,n02108089
00003386.png,n02108551
00003469.png,n02108551
00003231.png,n02108551
00003086.png,n02108551
00003303.png,n02108551
00010892.png,n02108915
00010903.png,n02108915
00011303.png,n02108915
00010867.png,n02108915
00011110.png,n02108915
00035631.png,n02111277
00035681.png,n02111277
00035500.png,n02111277
00035961.png,n02111277
00035426.png,n02111277
00001918.png,n02113712
00002037.png,n02113712
00001972.png,n02113712
00002020.png,n02113712
00001915.png,n02113712
00028374.png,n02120079
00028688.png,n02120079
00028250.png,n02120079
00028390.png,n02120079
00028645.png,n02120079
00009915.png,n02165456
00009639.png,n02165456
00010095.png,n02165456
00010145.png,n02165456
00009624.png,n02165456
00013572.png,n02457408
00013309.png,n02457408
00013669.png,n02457408
00013226.png,n02457408
00013240.png,n02457408
00032101.png,n02606052
00032376.png,n02606052
00031951.png,n02606052
00032081.png,n02606052
00031901.png,n02606052
00007552.png,n02687172
00007772.png,n02687172
00007513.png,n02687172
00007611.png,n02687172
00007302.png,n02687172
00014963.png,n02747177
00014856.png,n02747177
00014751.png,n02747177
00014466.png,n02747177
00014610.png,n02747177
00025828.png,n02795169
00025860.png,n02795169
00026398.png,n02795169
00025937.png,n02795169
00026266.png,n02795169
00006408.png,n02823428
00006007.png,n02823428
00006558.png,n02823428
00006033.png,n02823428
00006179.png,n02823428
00025277.png,n02966193
00025235.png,n02966193
00025310.png,n02966193
00025717.png,n02966193
00025395.png,n02966193
00005491.png,n03017168
00005560.png,n03017168
00005841.png,n03017168
00005755.png,n03017168
00005430.png,n03017168
00012619.png,n03047690
00012788.png,n03047690
00013062.png,n03047690
00013156.png,n03047690
00012755.png,n03047690
00022467.png,n03062245
00022592.png,n03062245
00022260.png,n03062245
00022547.png,n03062245
00022534.png,n03062245
00016401.png,n03207743
00016540.png,n03207743
00016555.png,n03207743
00016612.png,n03207743
00016622.png,n03207743
00012211.png,n03220513
00012278.png,n03220513
00012508.png,n03220513
00012460.png,n03220513
00012349.png,n03220513
00007177.png,n03337140
00006957.png,n03337140
00007109.png,n03337140
00007181.png,n03337140
00006672.png,n03337140
00020042.png,n03347037
00020323.png,n03347037
00020391.png,n03347037
00020392.png,n03347037
00020365.png,n03347037
00027212.png,n03400231
00027479.png,n03400231
00027221.png,n03400231
00027507.png,n03400231
00027466.png,n03400231
00026520.png,n03476684
00026795.png,n03476684
00026777.png,n03476684
00026615.png,n03476684
00026533.png,n03476684
00028891.png,n03527444
00029339.png,n03527444
00028986.png,n03527444
00029291.png,n03527444
00028945.png,n03527444
00034413.png,n03676483
00034614.png,n03676483
00034789.png,n03676483
00034502.png,n03676483
00034397.png,n03676483
00038395.png,n03838899
00037876.png,n03838899
00038272.png,n03838899
00038188.png,n03838899
00037965.png,n03838899
00035394.png,n03854065
00034952.png,n03854065
00035379.png,n03854065
00035233.png,n03854065
00034821.png,n03854065
00004051.png,n03888605
00004144.png,n03888605
00003805.png,n03888605
00004191.png,n03888605
00004094.png,n03888605
00036922.png,n03908618
00037049.png,n03908618
00036650.png,n03908618
00037019.png,n03908618
00036641.png,n03908618
00001225.png,n03924679
00001602.png,n03924679
00001257.png,n03924679
00001232.png,n03924679
00001604.png,n03924679
00023447.png,n03998194
00023545.png,n03998194
00023814.png,n03998194
00023501.png,n03998194
00023855.png,n03998194
00020510.png,n04067472
00020438.png,n04067472
00020490.png,n04067472
00020936.png,n04067472
00020652.png,n04067472
00033755.png,n04243546
00034038.png,n04243546
00033955.png,n04243546
00033688.png,n04243546
00033866.png,n04243546
00018848.png,n04251144
00019108.png,n04251144
00018989.png,n04251144
00018604.png,n04251144
00018975.png,n04251144
00024325.png,n04258138
00024537.png,n04258138
00024352.png,n04258138
00024373.png,n04258138
00024587.png,n04258138
00031011.png,n04275548
00030955.png,n04275548
00030769.png,n04275548
00030907.png,n04275548
00031150.png,n04275548
00036170.png,n04296562
00036515.png,n04296562
00036319.png,n04296562
00036183.png,n04296562
00036497.png,n04296562
00019453.png,n04389033
00019616.png,n04389033
00019710.png,n04389033
00019792.png,n04389033
00019472.png,n04389033
00004280.png,n04435653
00004298.png,n04435653
00004769.png,n04435653
00004403.png,n04435653
00004682.png,n04435653
00030054.png,n04443257
00030308.png,n04443257
00030150.png,n04443257
00030346.png,n04443257
00030325.png,n04443257
00000449.png,n04509417
00000539.png,n04509417
00000023.png,n04509417
00000480.png,n04509417
00000309.png,n04509417
00023102.png,n04515003
00023006.png,n04515003
00022902.png,n04515003
00023234.png,n04515003
00023023.png,n04515003
00031597.png,n04596742
00031264.png,n04596742
00031514.png,n04596742
00031595.png,n04596742
00031401.png,n04596742
00033416.png,n04604644
00033437.png,n04604644
00033527.png,n04604644
00033373.png,n04604644
00033287.png,n04604644
00032780.png,n04612504
00032674.png,n04612504
00032717.png,n04612504
00032701.png,n04612504
00032829.png,n04612504
00024839.png,n06794110
00024749.png,n06794110
00024878.png,n06794110
00024701.png,n06794110
00024914.png,n06794110
00022056.png,n07584110
00021660.png,n07584110
00021976.png,n07584110
00021984.png,n07584110
00021675.png,n07584110
00000771.png,n07697537
00001150.png,n07697537
00000627.png,n07697537
00000658.png,n07697537
00000986.png,n07697537
00029887.png,n07747607
00029500.png,n07747607
00029778.png,n07747607
00029588.png,n07747607
00029684.png,n07747607
00018484.png,n09246464
00018296.png,n09246464
00018006.png,n09246464
00018365.png,n09246464
00018273.png,n09246464
00015704.png,n13054560
00016038.png,n13054560
00016030.png,n13054560
00015733.png,n13054560
00015906.png,n13054560
00008669.png,n13133613
00008786.png,n13133613
00008652.png,n13133613
00008431.png,n13133613
00008534.png,n13133613
